<?xml version="1.0" encoding="UTF-8" standalone="yes"?>
<coleccion>
    <direccion>
        <calle>Hernán Ruiz</calle>
        <numero>6</numero>
        <planta>0</planta>
    </direccion>
    <listaElementos>
        <nombre>PMDM</nombre>
        <tipo>Asignatura de segundo</tipo>
    </listaElementos>
    <listaElementos>
        <nombre>PSP</nombre>
        <tipo>Asignatura de segundo</tipo>
    </listaElementos>
    <listaElementos>
        <nombre>AD</nombre>
        <tipo>Asignatura de segundo</tipo>
    </listaElementos>
    <listaElementos>
        <nombre>Programación</nombre>
        <tipo>Asignatura de primero</tipo>
    </listaElementos>
    <nombre>Asignaturas</nombre>
</coleccion>
