<?xml version="1.0" encoding="UTF-8" standalone="yes"?>
<coleccion>
    <direccion>
        <calle>falsa</calle>
        <numero>123</numero>
        <piso>c</piso>
        <planta>2</planta>
    </direccion>
    <listaElementos>
        <nombre>Sputnik</nombre>
        <tipo>Perro</tipo>
    </listaElementos>
    <listaElementos>
        <nombre>Soyuz</nombre>
        <tipo>Perro</tipo>
    </listaElementos>
    <listaElementos>
        <nombre>Jackie</nombre>
        <tipo>Agaporni</tipo>
    </listaElementos>
    <listaElementos>
        <nombre>Calipo</nombre>
        <tipo>Agaporni</tipo>
    </listaElementos>
    <listaElementos>
        <nombre>Janis Joplin</nombre>
        <tipo>Tortuga</tipo>
    </listaElementos>
    <listaElementos>
        <nombre>Joe Strummer</nombre>
        <tipo>Tortuga</tipo>
    </listaElementos>
    <nombre>Animales</nombre>
</coleccion>
