[
  {
    "nombre": "Manuel",
    "anioNacimiento": 1976,
    "genero": "h",
    "dni": "19083314S",
    "convalidaciones": [
      "DI",
      "EIE"
    ],
    "fechaRegistro": {
      "date": {
        "year": 2020,
        "month": 11,
        "day": 17
      },
      "time": {
        "hour": 14,
        "minute": 10,
        "second": 52,
        "nano": 163231000
      }
    },
    "fechaFalsa": "2020/11/17",
    "asignaturas": {
      "PMDM": 9.0,
      "AD": 7.0,
      "PSP": 1.0,
      "SGE": 3.0
    }
  },
  {
    "nombre": "Laura",
    "anioNacimiento": 2018,
    "genero": "m",
    "dni": "42701465Y",
    "convalidaciones": [
      "DI",
      "EIE"
    ],
    "fechaRegistro": {
      "date": {
        "year": 2020,
        "month": 11,
        "day": 17
      },
      "time": {
        "hour": 14,
        "minute": 10,
        "second": 52,
        "nano": 261237000
      }
    },
    "fechaFalsa": "2020/11/17",
    "asignaturas": {
      "PMDM": 0.0,
      "AD": 3.0,
      "PSP": 5.0,
      "SGE": 4.0
    }
  },
  {
    "nombre": "Ana",
    "anioNacimiento": 2016,
    "genero": "m",
    "dni": "13512165C",
    "convalidaciones": [
      "DI",
      "EIE"
    ],
    "fechaRegistro": {
      "date": {
        "year": 2020,
        "month": 11,
        "day": 17
      },
      "time": {
        "hour": 14,
        "minute": 10,
        "second": 52,
        "nano": 261470000
      }
    },
    "fechaFalsa": "2020/11/17",
    "asignaturas": {
      "PMDM": 10.0,
      "AD": 8.0,
      "PSP": 10.0,
      "SGE": 3.0
    }
  },
  {
    "nombre": "Cristina",
    "anioNacimiento": 1991,
    "genero": "m",
    "dni": "27610807C",
    "convalidaciones": [
      "DI",
      "EIE"
    ],
    "fechaRegistro": {
      "date": {
        "year": 2020,
        "month": 11,
        "day": 17
      },
      "time": {
        "hour": 14,
        "minute": 10,
        "second": 52,
        "nano": 261783000
      }
    },
    "fechaFalsa": "2020/11/17",
    "asignaturas": {
      "PMDM": 4.0,
      "AD": 7.0,
      "PSP": 3.0,
      "SGE": 7.0
    }
  },
  {
    "nombre": "Yuliia",
    "anioNacimiento": 2002,
    "genero": "m",
    "dni": "83087886N",
    "convalidaciones": [
      "DI",
      "EIE"
    ],
    "fechaRegistro": {
      "date": {
        "year": 2020,
        "month": 11,
        "day": 17
      },
      "time": {
        "hour": 14,
        "minute": 10,
        "second": 52,
        "nano": 262025000
      }
    },
    "fechaFalsa": "2020/11/17",
    "asignaturas": {
      "PMDM": 4.0,
      "AD": 0.0,
      "PSP": 7.0,
      "SGE": 9.0
    }
  },
  {
    "nombre": "Laura",
    "anioNacimiento": 2001,
    "genero": "m",
    "dni": "78162794V",
    "convalidaciones": [
      "DI",
      "EIE"
    ],
    "fechaRegistro": {
      "date": {
        "year": 2020,
        "month": 11,
        "day": 17
      },
      "time": {
        "hour": 14,
        "minute": 10,
        "second": 52,
        "nano": 262273000
      }
    },
    "fechaFalsa": "2020/11/17",
    "asignaturas": {
      "PMDM": 10.0,
      "AD": 5.0,
      "PSP": 2.0,
      "SGE": 6.0
    }
  },
  {
    "nombre": "Nico",
    "anioNacimiento": 1980,
    "genero": "h",
    "dni": "64888676U",
    "convalidaciones": [
      "DI",
      "EIE"
    ],
    "fechaRegistro": {
      "date": {
        "year": 2020,
        "month": 11,
        "day": 17
      },
      "time": {
        "hour": 14,
        "minute": 10,
        "second": 52,
        "nano": 262520000
      }
    },
    "fechaFalsa": "2020/11/17",
    "asignaturas": {
      "PMDM": 2.0,
      "AD": 10.0,
      "PSP": 8.0,
      "SGE": 2.0
    }
  },
  {
    "nombre": "Francisco",
    "anioNacimiento": 1958,
    "genero": "h",
    "dni": "74785043P",
    "convalidaciones": [
      "DI",
      "EIE"
    ],
    "fechaRegistro": {
      "date": {
        "year": 2020,
        "month": 11,
        "day": 17
      },
      "time": {
        "hour": 14,
        "minute": 10,
        "second": 52,
        "nano": 262741000
      }
    },
    "fechaFalsa": "2020/11/17",
    "asignaturas": {
      "PMDM": 5.0,
      "AD": 5.0,
      "PSP": 0.0,
      "SGE": 6.0
    }
  },
  {
    "nombre": "Esther",
    "anioNacimiento": 1967,
    "genero": "m",
    "dni": "08322665Q",
    "convalidaciones": [
      "DI",
      "EIE"
    ],
    "fechaRegistro": {
      "date": {
        "year": 2020,
        "month": 11,
        "day": 17
      },
      "time": {
        "hour": 14,
        "minute": 10,
        "second": 52,
        "nano": 262941000
      }
    },
    "fechaFalsa": "2020/11/17",
    "asignaturas": {
      "PMDM": 2.0,
      "AD": 9.0,
      "PSP": 5.0,
      "SGE": 6.0
    }
  },
  {
    "nombre": "Javier",
    "anioNacimiento": 1945,
    "genero": "h",
    "dni": "36824726Y",
    "convalidaciones": [
      "DI",
      "EIE"
    ],
    "fechaRegistro": {
      "date": {
        "year": 2020,
        "month": 11,
        "day": 17
      },
      "time": {
        "hour": 14,
        "minute": 10,
        "second": 52,
        "nano": 263119000
      }
    },
    "fechaFalsa": "2020/11/17",
    "asignaturas": {
      "PMDM": 10.0,
      "AD": 1.0,
      "PSP": 4.0,
      "SGE": 6.0
    }
  },
  {
    "nombre": "Raúl",
    "anioNacimiento": 1997,
    "genero": "h",
    "dni": "41354478Y",
    "convalidaciones": [
      "DI",
      "EIE"
    ],
    "fechaRegistro": {
      "date": {
        "year": 2020,
        "month": 11,
        "day": 17
      },
      "time": {
        "hour": 14,
        "minute": 10,
        "second": 52,
        "nano": 263296000
      }
    },
    "fechaFalsa": "2020/11/17",
    "asignaturas": {
      "PMDM": 0.0,
      "AD": 5.0,
      "PSP": 8.0,
      "SGE": 5.0
    }
  },
  {
    "nombre": "Laura",
    "anioNacimiento": 1982,
    "genero": "m",
    "dni": "19838485W",
    "convalidaciones": [
      "DI",
      "EIE"
    ],
    "fechaRegistro": {
      "date": {
        "year": 2020,
        "month": 11,
        "day": 17
      },
      "time": {
        "hour": 14,
        "minute": 10,
        "second": 52,
        "nano": 263460000
      }
    },
    "fechaFalsa": "2020/11/17",
    "asignaturas": {
      "PMDM": 8.0,
      "AD": 0.0,
      "PSP": 9.0,
      "SGE": 0.0
    }
  },
  {
    "nombre": "Cristina",
    "anioNacimiento": 1990,
    "genero": "m",
    "dni": "90539151H",
    "convalidaciones": [
      "DI",
      "EIE"
    ],
    "fechaRegistro": {
      "date": {
        "year": 2020,
        "month": 11,
        "day": 17
      },
      "time": {
        "hour": 14,
        "minute": 10,
        "second": 52,
        "nano": 263619000
      }
    },
    "fechaFalsa": "2020/11/17",
    "asignaturas": {
      "PMDM": 2.0,
      "AD": 1.0,
      "PSP": 0.0,
      "SGE": 5.0
    }
  },
  {
    "nombre": "Esther",
    "anioNacimiento": 1961,
    "genero": "m",
    "dni": "04843388R",
    "convalidaciones": [
      "DI",
      "EIE"
    ],
    "fechaRegistro": {
      "date": {
        "year": 2020,
        "month": 11,
        "day": 17
      },
      "time": {
        "hour": 14,
        "minute": 10,
        "second": 52,
        "nano": 263790000
      }
    },
    "fechaFalsa": "2020/11/17",
    "asignaturas": {
      "PMDM": 3.0,
      "AD": 9.0,
      "PSP": 9.0,
      "SGE": 5.0
    }
  },
  {
    "nombre": "Álvaro",
    "anioNacimiento": 2017,
    "genero": "h",
    "dni": "36066596I",
    "convalidaciones": [
      "DI",
      "EIE"
    ],
    "fechaRegistro": {
      "date": {
        "year": 2020,
        "month": 11,
        "day": 17
      },
      "time": {
        "hour": 14,
        "minute": 10,
        "second": 52,
        "nano": 263957000
      }
    },
    "fechaFalsa": "2020/11/17",
    "asignaturas": {
      "PMDM": 1.0,
      "AD": 9.0,
      "PSP": 0.0,
      "SGE": 8.0
    }
  },
  {
    "nombre": "Manuel",
    "anioNacimiento": 2019,
    "genero": "h",
    "dni": "55645394R",
    "convalidaciones": [
      "DI",
      "EIE"
    ],
    "fechaRegistro": {
      "date": {
        "year": 2020,
        "month": 11,
        "day": 17
      },
      "time": {
        "hour": 14,
        "minute": 10,
        "second": 52,
        "nano": 264133000
      }
    },
    "fechaFalsa": "2020/11/17",
    "asignaturas": {
      "PMDM": 2.0,
      "AD": 2.0,
      "PSP": 9.0,
      "SGE": 10.0
    }
  },
  {
    "nombre": "Carla",
    "anioNacimiento": 1953,
    "genero": "m",
    "dni": "02425448E",
    "convalidaciones": [
      "DI",
      "EIE"
    ],
    "fechaRegistro": {
      "date": {
        "year": 2020,
        "month": 11,
        "day": 17
      },
      "time": {
        "hour": 14,
        "minute": 10,
        "second": 52,
        "nano": 264404000
      }
    },
    "fechaFalsa": "2020/11/17",
    "asignaturas": {
      "PMDM": 0.0,
      "AD": 10.0,
      "PSP": 7.0,
      "SGE": 9.0
    }
  },
  {
    "nombre": "Raquel",
    "anioNacimiento": 2002,
    "genero": "m",
    "dni": "41894405Y",
    "convalidaciones": [
      "DI",
      "EIE"
    ],
    "fechaRegistro": {
      "date": {
        "year": 2020,
        "month": 11,
        "day": 17
      },
      "time": {
        "hour": 14,
        "minute": 10,
        "second": 52,
        "nano": 264577000
      }
    },
    "fechaFalsa": "2020/11/17",
    "asignaturas": {
      "PMDM": 1.0,
      "AD": 5.0,
      "PSP": 2.0,
      "SGE": 9.0
    }
  },
  {
    "nombre": "Juanlu",
    "anioNacimiento": 2001,
    "genero": "h",
    "dni": "01795673P",
    "convalidaciones": [
      "DI",
      "EIE"
    ],
    "fechaRegistro": {
      "date": {
        "year": 2020,
        "month": 11,
        "day": 17
      },
      "time": {
        "hour": 14,
        "minute": 10,
        "second": 52,
        "nano": 265052000
      }
    },
    "fechaFalsa": "2020/11/17",
    "asignaturas": {
      "PMDM": 7.0,
      "AD": 9.0,
      "PSP": 1.0,
      "SGE": 8.0
    }
  },
  {
    "nombre": "Rocío",
    "anioNacimiento": 1972,
    "genero": "m",
    "dni": "83030105J",
    "convalidaciones": [
      "DI",
      "EIE"
    ],
    "fechaRegistro": {
      "date": {
        "year": 2020,
        "month": 11,
        "day": 17
      },
      "time": {
        "hour": 14,
        "minute": 10,
        "second": 52,
        "nano": 265286000
      }
    },
    "fechaFalsa": "2020/11/17",
    "asignaturas": {
      "PMDM": 0.0,
      "AD": 0.0,
      "PSP": 6.0,
      "SGE": 0.0
    }
  },
  {
    "nombre": "María",
    "anioNacimiento": 1940,
    "genero": "m",
    "dni": "71751933Y",
    "convalidaciones": [
      "DI",
      "EIE"
    ],
    "fechaRegistro": {
      "date": {
        "year": 2020,
        "month": 11,
        "day": 17
      },
      "time": {
        "hour": 14,
        "minute": 10,
        "second": 52,
        "nano": 265905000
      }
    },
    "fechaFalsa": "2020/11/17",
    "asignaturas": {
      "PMDM": 4.0,
      "AD": 1.0,
      "PSP": 7.0,
      "SGE": 9.0
    }
  },
  {
    "nombre": "Cristina",
    "anioNacimiento": 2016,
    "genero": "m",
    "dni": "31894535X",
    "convalidaciones": [
      "DI",
      "EIE"
    ],
    "fechaRegistro": {
      "date": {
        "year": 2020,
        "month": 11,
        "day": 17
      },
      "time": {
        "hour": 14,
        "minute": 10,
        "second": 52,
        "nano": 266069000
      }
    },
    "fechaFalsa": "2020/11/17",
    "asignaturas": {
      "PMDM": 5.0,
      "AD": 6.0,
      "PSP": 0.0,
      "SGE": 8.0
    }
  },
  {
    "nombre": "María",
    "anioNacimiento": 2005,
    "genero": "m",
    "dni": "71097610F",
    "convalidaciones": [
      "DI",
      "EIE"
    ],
    "fechaRegistro": {
      "date": {
        "year": 2020,
        "month": 11,
        "day": 17
      },
      "time": {
        "hour": 14,
        "minute": 10,
        "second": 52,
        "nano": 266228000
      }
    },
    "fechaFalsa": "2020/11/17",
    "asignaturas": {
      "PMDM": 1.0,
      "AD": 4.0,
      "PSP": 6.0,
      "SGE": 3.0
    }
  },
  {
    "nombre": "Raúl",
    "anioNacimiento": 1983,
    "genero": "h",
    "dni": "93571069W",
    "convalidaciones": [
      "DI",
      "EIE"
    ],
    "fechaRegistro": {
      "date": {
        "year": 2020,
        "month": 11,
        "day": 17
      },
      "time": {
        "hour": 14,
        "minute": 10,
        "second": 52,
        "nano": 266385000
      }
    },
    "fechaFalsa": "2020/11/17",
    "asignaturas": {
      "PMDM": 9.0,
      "AD": 7.0,
      "PSP": 2.0,
      "SGE": 4.0
    }
  },
  {
    "nombre": "Ana",
    "anioNacimiento": 1992,
    "genero": "m",
    "dni": "11284007R",
    "convalidaciones": [
      "DI",
      "EIE"
    ],
    "fechaRegistro": {
      "date": {
        "year": 2020,
        "month": 11,
        "day": 17
      },
      "time": {
        "hour": 14,
        "minute": 10,
        "second": 52,
        "nano": 266531000
      }
    },
    "fechaFalsa": "2020/11/17",
    "asignaturas": {
      "PMDM": 6.0,
      "AD": 0.0,
      "PSP": 6.0,
      "SGE": 8.0
    }
  },
  {
    "nombre": "Nico",
    "anioNacimiento": 1987,
    "genero": "h",
    "dni": "54318640P",
    "convalidaciones": [
      "DI",
      "EIE"
    ],
    "fechaRegistro": {
      "date": {
        "year": 2020,
        "month": 11,
        "day": 17
      },
      "time": {
        "hour": 14,
        "minute": 10,
        "second": 52,
        "nano": 266667000
      }
    },
    "fechaFalsa": "2020/11/17",
    "asignaturas": {
      "PMDM": 1.0,
      "AD": 5.0,
      "PSP": 4.0,
      "SGE": 8.0
    }
  },
  {
    "nombre": "María",
    "anioNacimiento": 1973,
    "genero": "m",
    "dni": "51893031P",
    "convalidaciones": [
      "DI",
      "EIE"
    ],
    "fechaRegistro": {
      "date": {
        "year": 2020,
        "month": 11,
        "day": 17
      },
      "time": {
        "hour": 14,
        "minute": 10,
        "second": 52,
        "nano": 266832000
      }
    },
    "fechaFalsa": "2020/11/17",
    "asignaturas": {
      "PMDM": 6.0,
      "AD": 5.0,
      "PSP": 9.0,
      "SGE": 9.0
    }
  },
  {
    "nombre": "María",
    "anioNacimiento": 1972,
    "genero": "m",
    "dni": "02733771B",
    "convalidaciones": [
      "DI",
      "EIE"
    ],
    "fechaRegistro": {
      "date": {
        "year": 2020,
        "month": 11,
        "day": 17
      },
      "time": {
        "hour": 14,
        "minute": 10,
        "second": 52,
        "nano": 266974000
      }
    },
    "fechaFalsa": "2020/11/17",
    "asignaturas": {
      "PMDM": 5.0,
      "AD": 0.0,
      "PSP": 1.0,
      "SGE": 10.0
    }
  },
  {
    "nombre": "Laura",
    "anioNacimiento": 2007,
    "genero": "m",
    "dni": "44534632N",
    "convalidaciones": [
      "DI",
      "EIE"
    ],
    "fechaRegistro": {
      "date": {
        "year": 2020,
        "month": 11,
        "day": 17
      },
      "time": {
        "hour": 14,
        "minute": 10,
        "second": 52,
        "nano": 267138000
      }
    },
    "fechaFalsa": "2020/11/17",
    "asignaturas": {
      "PMDM": 6.0,
      "AD": 10.0,
      "PSP": 8.0,
      "SGE": 2.0
    }
  },
  {
    "nombre": "Sandra",
    "anioNacimiento": 1940,
    "genero": "m",
    "dni": "16657567D",
    "convalidaciones": [
      "DI",
      "EIE"
    ],
    "fechaRegistro": {
      "date": {
        "year": 2020,
        "month": 11,
        "day": 17
      },
      "time": {
        "hour": 14,
        "minute": 10,
        "second": 52,
        "nano": 267279000
      }
    },
    "fechaFalsa": "2020/11/17",
    "asignaturas": {
      "PMDM": 3.0,
      "AD": 5.0,
      "PSP": 2.0,
      "SGE": 5.0
    }
  },
  {
    "nombre": "Noelia",
    "anioNacimiento": 1984,
    "genero": "m",
    "dni": "74688937D",
    "convalidaciones": [
      "DI",
      "EIE"
    ],
    "fechaRegistro": {
      "date": {
        "year": 2020,
        "month": 11,
        "day": 17
      },
      "time": {
        "hour": 14,
        "minute": 10,
        "second": 52,
        "nano": 267445000
      }
    },
    "fechaFalsa": "2020/11/17",
    "asignaturas": {
      "PMDM": 8.0,
      "AD": 3.0,
      "PSP": 4.0,
      "SGE": 1.0
    }
  },
  {
    "nombre": "Daniel",
    "anioNacimiento": 1960,
    "genero": "h",
    "dni": "02455182B",
    "convalidaciones": [
      "DI",
      "EIE"
    ],
    "fechaRegistro": {
      "date": {
        "year": 2020,
        "month": 11,
        "day": 17
      },
      "time": {
        "hour": 14,
        "minute": 10,
        "second": 52,
        "nano": 267581000
      }
    },
    "fechaFalsa": "2020/11/17",
    "asignaturas": {
      "PMDM": 3.0,
      "AD": 0.0,
      "PSP": 9.0,
      "SGE": 7.0
    }
  },
  {
    "nombre": "Ana",
    "anioNacimiento": 1955,
    "genero": "m",
    "dni": "64294560A",
    "convalidaciones": [
      "DI",
      "EIE"
    ],
    "fechaRegistro": {
      "date": {
        "year": 2020,
        "month": 11,
        "day": 17
      },
      "time": {
        "hour": 14,
        "minute": 10,
        "second": 52,
        "nano": 268156000
      }
    },
    "fechaFalsa": "2020/11/17",
    "asignaturas": {
      "PMDM": 6.0,
      "AD": 0.0,
      "PSP": 6.0,
      "SGE": 3.0
    }
  },
  {
    "nombre": "Noelia",
    "anioNacimiento": 1952,
    "genero": "m",
    "dni": "00055575S",
    "convalidaciones": [
      "DI",
      "EIE"
    ],
    "fechaRegistro": {
      "date": {
        "year": 2020,
        "month": 11,
        "day": 17
      },
      "time": {
        "hour": 14,
        "minute": 10,
        "second": 52,
        "nano": 268354000
      }
    },
    "fechaFalsa": "2020/11/17",
    "asignaturas": {
      "PMDM": 7.0,
      "AD": 0.0,
      "PSP": 6.0,
      "SGE": 4.0
    }
  },
  {
    "nombre": "Álvaro",
    "anioNacimiento": 1954,
    "genero": "h",
    "dni": "22220476L",
    "convalidaciones": [
      "DI",
      "EIE"
    ],
    "fechaRegistro": {
      "date": {
        "year": 2020,
        "month": 11,
        "day": 17
      },
      "time": {
        "hour": 14,
        "minute": 10,
        "second": 52,
        "nano": 268526000
      }
    },
    "fechaFalsa": "2020/11/17",
    "asignaturas": {
      "PMDM": 0.0,
      "AD": 0.0,
      "PSP": 1.0,
      "SGE": 8.0
    }
  },
  {
    "nombre": "María",
    "anioNacimiento": 1948,
    "genero": "m",
    "dni": "68617305T",
    "convalidaciones": [
      "DI",
      "EIE"
    ],
    "fechaRegistro": {
      "date": {
        "year": 2020,
        "month": 11,
        "day": 17
      },
      "time": {
        "hour": 14,
        "minute": 10,
        "second": 52,
        "nano": 268657000
      }
    },
    "fechaFalsa": "2020/11/17",
    "asignaturas": {
      "PMDM": 10.0,
      "AD": 1.0,
      "PSP": 9.0,
      "SGE": 5.0
    }
  },
  {
    "nombre": "Yuliia",
    "anioNacimiento": 1995,
    "genero": "m",
    "dni": "73892681A",
    "convalidaciones": [
      "DI",
      "EIE"
    ],
    "fechaRegistro": {
      "date": {
        "year": 2020,
        "month": 11,
        "day": 17
      },
      "time": {
        "hour": 14,
        "minute": 10,
        "second": 52,
        "nano": 269783000
      }
    },
    "fechaFalsa": "2020/11/17",
    "asignaturas": {
      "PMDM": 2.0,
      "AD": 6.0,
      "PSP": 3.0,
      "SGE": 6.0
    }
  },
  {
    "nombre": "Rocío",
    "anioNacimiento": 1984,
    "genero": "m",
    "dni": "59142094S",
    "convalidaciones": [
      "DI",
      "EIE"
    ],
    "fechaRegistro": {
      "date": {
        "year": 2020,
        "month": 11,
        "day": 17
      },
      "time": {
        "hour": 14,
        "minute": 10,
        "second": 52,
        "nano": 270066000
      }
    },
    "fechaFalsa": "2020/11/17",
    "asignaturas": {
      "PMDM": 2.0,
      "AD": 1.0,
      "PSP": 7.0,
      "SGE": 3.0
    }
  },
  {
    "nombre": "Manuel",
    "anioNacimiento": 2011,
    "genero": "h",
    "dni": "45940818X",
    "convalidaciones": [
      "DI",
      "EIE"
    ],
    "fechaRegistro": {
      "date": {
        "year": 2020,
        "month": 11,
        "day": 17
      },
      "time": {
        "hour": 14,
        "minute": 10,
        "second": 52,
        "nano": 270256000
      }
    },
    "fechaFalsa": "2020/11/17",
    "asignaturas": {
      "PMDM": 4.0,
      "AD": 9.0,
      "PSP": 7.0,
      "SGE": 5.0
    }
  },
  {
    "nombre": "Carla",
    "anioNacimiento": 2012,
    "genero": "m",
    "dni": "96726401U",
    "convalidaciones": [
      "DI",
      "EIE"
    ],
    "fechaRegistro": {
      "date": {
        "year": 2020,
        "month": 11,
        "day": 17
      },
      "time": {
        "hour": 14,
        "minute": 10,
        "second": 52,
        "nano": 270911000
      }
    },
    "fechaFalsa": "2020/11/17",
    "asignaturas": {
      "PMDM": 10.0,
      "AD": 5.0,
      "PSP": 10.0,
      "SGE": 10.0
    }
  },
  {
    "nombre": "Javier",
    "anioNacimiento": 1993,
    "genero": "h",
    "dni": "68534224A",
    "convalidaciones": [
      "DI",
      "EIE"
    ],
    "fechaRegistro": {
      "date": {
        "year": 2020,
        "month": 11,
        "day": 17
      },
      "time": {
        "hour": 14,
        "minute": 10,
        "second": 52,
        "nano": 271060000
      }
    },
    "fechaFalsa": "2020/11/17",
    "asignaturas": {
      "PMDM": 8.0,
      "AD": 7.0,
      "PSP": 0.0,
      "SGE": 6.0
    }
  },
  {
    "nombre": "Manuel",
    "anioNacimiento": 2015,
    "genero": "h",
    "dni": "09928380F",
    "convalidaciones": [
      "DI",
      "EIE"
    ],
    "fechaRegistro": {
      "date": {
        "year": 2020,
        "month": 11,
        "day": 17
      },
      "time": {
        "hour": 14,
        "minute": 10,
        "second": 52,
        "nano": 271166000
      }
    },
    "fechaFalsa": "2020/11/17",
    "asignaturas": {
      "PMDM": 8.0,
      "AD": 2.0,
      "PSP": 10.0,
      "SGE": 7.0
    }
  },
  {
    "nombre": "Raquel",
    "anioNacimiento": 2019,
    "genero": "m",
    "dni": "52894995A",
    "convalidaciones": [
      "DI",
      "EIE"
    ],
    "fechaRegistro": {
      "date": {
        "year": 2020,
        "month": 11,
        "day": 17
      },
      "time": {
        "hour": 14,
        "minute": 10,
        "second": 52,
        "nano": 271516000
      }
    },
    "fechaFalsa": "2020/11/17",
    "asignaturas": {
      "PMDM": 4.0,
      "AD": 1.0,
      "PSP": 2.0,
      "SGE": 5.0
    }
  },
  {
    "nombre": "Javier",
    "anioNacimiento": 2016,
    "genero": "h",
    "dni": "85876017S",
    "convalidaciones": [
      "DI",
      "EIE"
    ],
    "fechaRegistro": {
      "date": {
        "year": 2020,
        "month": 11,
        "day": 17
      },
      "time": {
        "hour": 14,
        "minute": 10,
        "second": 52,
        "nano": 274985000
      }
    },
    "fechaFalsa": "2020/11/17",
    "asignaturas": {
      "PMDM": 0.0,
      "AD": 10.0,
      "PSP": 0.0,
      "SGE": 1.0
    }
  },
  {
    "nombre": "María",
    "anioNacimiento": 1999,
    "genero": "m",
    "dni": "77807852N",
    "convalidaciones": [
      "DI",
      "EIE"
    ],
    "fechaRegistro": {
      "date": {
        "year": 2020,
        "month": 11,
        "day": 17
      },
      "time": {
        "hour": 14,
        "minute": 10,
        "second": 52,
        "nano": 275169000
      }
    },
    "fechaFalsa": "2020/11/17",
    "asignaturas": {
      "PMDM": 9.0,
      "AD": 4.0,
      "PSP": 5.0,
      "SGE": 5.0
    }
  },
  {
    "nombre": "Sandra",
    "anioNacimiento": 1975,
    "genero": "m",
    "dni": "44436466H",
    "convalidaciones": [
      "DI",
      "EIE"
    ],
    "fechaRegistro": {
      "date": {
        "year": 2020,
        "month": 11,
        "day": 17
      },
      "time": {
        "hour": 14,
        "minute": 10,
        "second": 52,
        "nano": 275299000
      }
    },
    "fechaFalsa": "2020/11/17",
    "asignaturas": {
      "PMDM": 10.0,
      "AD": 5.0,
      "PSP": 5.0,
      "SGE": 5.0
    }
  },
  {
    "nombre": "Norberto",
    "anioNacimiento": 1972,
    "genero": "h",
    "dni": "89093299E",
    "convalidaciones": [
      "DI",
      "EIE"
    ],
    "fechaRegistro": {
      "date": {
        "year": 2020,
        "month": 11,
        "day": 17
      },
      "time": {
        "hour": 14,
        "minute": 10,
        "second": 52,
        "nano": 275446000
      }
    },
    "fechaFalsa": "2020/11/17",
    "asignaturas": {
      "PMDM": 7.0,
      "AD": 8.0,
      "PSP": 8.0,
      "SGE": 2.0
    }
  },
  {
    "nombre": "Laura",
    "anioNacimiento": 2008,
    "genero": "m",
    "dni": "44105924B",
    "convalidaciones": [
      "DI",
      "EIE"
    ],
    "fechaRegistro": {
      "date": {
        "year": 2020,
        "month": 11,
        "day": 17
      },
      "time": {
        "hour": 14,
        "minute": 10,
        "second": 52,
        "nano": 275581000
      }
    },
    "fechaFalsa": "2020/11/17",
    "asignaturas": {
      "PMDM": 9.0,
      "AD": 2.0,
      "PSP": 0.0,
      "SGE": 5.0
    }
  },
  {
    "nombre": "Carla",
    "anioNacimiento": 1942,
    "genero": "m",
    "dni": "54760071P",
    "convalidaciones": [
      "DI",
      "EIE"
    ],
    "fechaRegistro": {
      "date": {
        "year": 2020,
        "month": 11,
        "day": 17
      },
      "time": {
        "hour": 14,
        "minute": 10,
        "second": 52,
        "nano": 275707000
      }
    },
    "fechaFalsa": "2020/11/17",
    "asignaturas": {
      "PMDM": 3.0,
      "AD": 0.0,
      "PSP": 5.0,
      "SGE": 2.0
    }
  },
  {
    "nombre": "Antonio",
    "anioNacimiento": 1967,
    "genero": "h",
    "dni": "36755585V",
    "convalidaciones": [
      "DI",
      "EIE"
    ],
    "fechaRegistro": {
      "date": {
        "year": 2020,
        "month": 11,
        "day": 17
      },
      "time": {
        "hour": 14,
        "minute": 10,
        "second": 52,
        "nano": 275845000
      }
    },
    "fechaFalsa": "2020/11/17",
    "asignaturas": {
      "PMDM": 8.0,
      "AD": 10.0,
      "PSP": 9.0,
      "SGE": 3.0
    }
  }
]