<?xml version="1.0" encoding="UTF-8" standalone="yes"?>
<MiBiblioteca>
    <nombreBiblioteca>Miguel</nombreBiblioteca>
    <misJuegos>
        <juego>
            <anio>2017</anio>
            <plataformaEnQueLoTengo>Steam</plataformaEnQueLoTengo>
            <plataformaEnQueLoTengo>Ios</plataformaEnQueLoTengo>
            <titulo>X-COM 2</titulo>
        </juego>
        <juego>
            <anio>2005</anio>
            <plataformaEnQueLoTengo>PS3</plataformaEnQueLoTengo>
            <titulo>God of war</titulo>
        </juego>
        <juego>
            <anio>2013</anio>
            <plataformaEnQueLoTengo>PS4</plataformaEnQueLoTengo>
            <titulo>Last of us</titulo>
        </juego>
        <juego>
            <anio>2007</anio>
            <plataformaEnQueLoTengo>Pirata PC</plataformaEnQueLoTengo>
            <plataformaEnQueLoTengo>Android</plataformaEnQueLoTengo>
            <titulo>Portal</titulo>
        </juego>
    </misJuegos>
</MiBiblioteca>
