<?xml version="1.0" ?>
<operaciones>
     

	<multiplicacion>
        <operando>5</operando>
        <operando>7</operando>
		<multiplicacion>
			<operando>10</operando>
			<operando>2</operando>
	    </multiplicacion>
		<resta>
			<operando>10</operando>
			<operando>10</operando>
		</resta>	
    </multiplicacion>
	
	<division>
		<operando>10</operando>
		<operando>10</operando>
	</division>	
	
	<resta>
		<operando>1</operando>
		<operando>4</operando>
		<suma>
			<operando>2</operando>
			<operando>4</operando>
	    </suma>
	</resta>
	
	<multiplicacion>
			<operando>10</operando>
			<operando>2</operando>
			<modulo>
				<operando>15</operando>
				<operando>2</operando>
			</modulo>
	</multiplicacion>
  
  	<modulo>
			<operando>10</operando>
			<operando>2</operando>
	</modulo>
</operaciones>


